[{"itemNumber":"1","quantity":6,"price":10.0,"name":"Pencil"},{"itemNumber":"4","quantity":11,"price":40.0,"name":"Highlighter"},{"itemNumber":"5","quantity":98,"price":1.0,"name":"Pemcil"},{"itemNumber":"6","quantity":50,"price":20.0,"name":"Manila Paper"},{"itemNumber":"7","quantity":8,"price":12.0,"name":"Ruler"},{"itemNumber":"8","quantity":58,"price":3.0,"name":"A4 Bond Paper"},{"itemNumber":"9","quantity":29,"price":3.0,"name":"Colored Paper"},{"itemNumber":"2","quantity":192,"price":15.0,"name":"NoteBook"},{"itemNumber":"3","quantity":13,"price":2.0,"name":"Short Bond Paper"},{"itemNumber":"10","quantity":5,"price":30000.0,"name":"Iphone 14"}]