[{"itemNumber":"1","quantity":6,"price":10.0,"name":"Pencil"},{"itemNumber":"4","quantity":11,"price":40.0,"name":"Highlighter"},{"itemNumber":"6","quantity":50,"price":20.0,"name":"Manila Paper"},{"itemNumber":"7","quantity":8,"price":12.0,"name":"Ruler"},{"itemNumber":"8","quantity":58,"price":3.0,"name":"A4 Bond Paper"},{"itemNumber":"9","quantity":29,"price":3.0,"name":"Colored Paper"},{"itemNumber":"2","quantity":192,"price":15.0,"name":"NoteBook"},{"itemNumber":"3","quantity":12,"price":2.0,"name":"Short Bond Paper"},{"itemNumber":"10","quantity":3,"price":1000.0,"name":"Iphone 14"},{"itemNumber":"5","quantity":100,"price":1000.0,"name":"Ferrari"},{"itemNumber":"11","quantity":19,"price":5.0,"name":"Car ni Gatan"},{"itemNumber":"12","quantity":100,"price":40.0,"name":"Samsmung Galaxy 360"},{"itemNumber":"13","quantity":500,"price":23.0,"name":"Mazda Rx-7"},{"itemNumber":"14","quantity":1,"price":0.5,"name":"Motor ni Wiggy"}]