[{"date":"23\/04\/2025","orderId":"ORD001","totalPrice":21.0,"items":[{"itemId":"IT008","itemName":"A4 Bond Paper","quantity":7,"price":3.0}],"status":"Completed"},{"date":"23\/04\/2025","orderId":"ORD002","totalPrice":105.0,"items":[{"itemNumber":"2","itemName":"NoteBook","quantity":7,"price":15.0}],"status":"Completed"},{"date":"23\/04\/2025","orderId":"ORD003","totalPrice":400.0,"items":[{"itemNumber":"6","itemName":"Manila Paper","quantity":4,"price":100.0}],"status":"Completed"},{"date":"23\/04\/2025","orderId":"ORD004","totalPrice":15.0,"items":[{"itemNumber":"9","itemName":"Colored Paper","quantity":5,"price":3.0}],"status":"Completed"},{"date":"23\/04\/2025","orderId":"ORD005","totalPrice":70.0,"items":[{"itemNumber":"1","itemName":"Pencil","quantity":7,"price":10.0}],"status":"Completed"},{"date":"23\/04\/2025","orderId":"ORD006","totalPrice":20.0,"items":[{"itemNumber":"3","itemName":"Short Bond Paper","quantity":10,"price":2.0}],"status":"Completed"},{"date":"23\/04\/2025","orderId":"ORD007","totalPrice":10.0,"items":[{"itemNumber":"3","itemName":"Short Bond Paper","quantity":5,"price":2.0}],"status":"Completed"},{"date":"24\/04\/2025","orderId":"ORD008","totalPrice":300.0,"items":[{"itemNumber":"6","itemName":"Manila Paper","quantity":3,"price":100.0}],"status":"Completed"},{"date":"24\/04\/2025","orderId":"ORD009","totalPrice":240.0,"items":[{"itemNumber":"4","itemName":"Highlighter","quantity":6,"price":40.0}],"status":"Completed"},{"date":"24\/04\/2025","orderId":"ORD010","totalPrice":270000.0,"items":[{"itemNumber":"10","itemName":"Iphone 14","quantity":9,"price":30000.0}],"status":"Completed"}]